[Header],,,,,,,,,
IEMFileVersion,4,,,,,,,,
Investigator Name,Jennifer Von Bargen,,,,,,,,
Experiment Name,P134MiSeq,,,,,,,,
Date,4/10/2025,,,,,,,,
Workflow,GenerateFASTQ,,,,,,,,
Application,FASTQ Only,,,,,,,,
Assay,TruSeq HT,,,,,,,,
Description,P134 CA Standardization,,,,,,,,
Chemistry,Amplicon,,,,,,,,
,,,,,,,,,
[Reads],,,,,,,,,
76,,,,,,,,,
76,,,,,,,,,
,,,,,,,,,
[Settings],,,,,,,,,
ReverseComplement,0,,,,,,,,
Adapter,AGATCGGAAGAGCACACGTCTGAACTCCAGTCA,,,,,,,,
AdapterRead2,AGATCGGAAGAGCGTCGTGTAGGGAAAGAGTGT,,,,,,,,
,,,,,,,,,
[Data],,,,,,,,,
Sample_ID,Sample_Name,Sample_Plate,Sample_Well,I7_Index_ID,index,I5_Index_ID,index2,Sample_Project,Description
CH_00001,CH-00001,4330-001_P134MiSeq_A1_GTseq_i001_OtsFinal,A1,GTseq_i7_i001,CGTGAT,i5_AAACGG,AAACGG,P134_CA_Standardization,"ROSA, FullPanel"
CH_00002,CH-00002,4330-002_P134MiSeq_B1_GTseq_i001_OtsFinal,B1,GTseq_i7_i001,CGTGAT,i5_GAACCA,GAACCA,P134_CA_Standardization,"ROSA, FullPanel"
CH_00003,CH-00003,4330-003_P134MiSeq_C1_GTseq_i001_OtsFinal,C1,GTseq_i7_i001,CGTGAT,i5_AAGACG,AAGACG,P134_CA_Standardization,"ROSA, FullPanel"
CH_00004,CH-00004,4330-004_P134MiSeq_D1_GTseq_i001_OtsFinal,D1,GTseq_i7_i001,CGTGAT,i5_GAGAGA,GAGAGA,P134_CA_Standardization,"ROSA, FullPanel"
CH_00005,CH-00005,4330-005_P134MiSeq_E1_GTseq_i001_OtsFinal,E1,GTseq_i7_i001,CGTGAT,i5_AATGAG,AATGAG,P134_CA_Standardization,"ROSA, FullPanel"
CH_00006,CH-00006,4330-006_P134MiSeq_F1_GTseq_i001_OtsFinal,F1,GTseq_i7_i001,CGTGAT,i5_GCATGG,GCATGG,P134_CA_Standardization,"ROSA, FullPanel"
CH_00007,CH-00007,4330-007_P134MiSeq_G1_GTseq_i001_OtsFinal,G1,GTseq_i7_i001,CGTGAT,i5_ACATAC,ACATAC,P134_CA_Standardization,"ROSA, FullPanel"
CH_00008,CH-00008,4330-008_P134MiSeq_H1_GTseq_i001_OtsFinal,H1,GTseq_i7_i001,CGTGAT,i5_GCGCTG,GCGCTG,P134_CA_Standardization,"ROSA, FullPanel"
CH_00009,CH-00009,4330-009_P134MiSeq_A2_GTseq_i001_OtsFinal,A2,GTseq_i7_i001,CGTGAT,i5_ACTCTT,ACTCTT,P134_CA_Standardization,"ROSA, FullPanel"
CH_00010,CH-00010,4330-010_P134MiSeq_B2_GTseq_i001_OtsFinal,B2,GTseq_i7_i001,CGTGAT,i5_GGCAAG,GGCAAG,P134_CA_Standardization,"ROSA, FullPanel"
CH_00011,CH-00011,4330-011_P134MiSeq_C2_GTseq_i001_OtsFinal,C2,GTseq_i7_i001,CGTGAT,i5_AGCGCA,AGCGCA,P134_CA_Standardization,"ROSA, FullPanel"
CH_00012,CH-00012,4330-012_P134MiSeq_D2_GTseq_i001_OtsFinal,D2,GTseq_i7_i001,CGTGAT,i5_GGTACA,GGTACA,P134_CA_Standardization,"ROSA, FullPanel"
CH_00013,CH-00013,4330-013_P134MiSeq_E2_GTseq_i001_OtsFinal,E2,GTseq_i7_i001,CGTGAT,i5_AGTAGG,AGTAGG,P134_CA_Standardization,"ROSA, FullPanel"
CH_00014,CH-00014,4330-014_P134MiSeq_F2_GTseq_i001_OtsFinal,F2,GTseq_i7_i001,CGTGAT,i5_GTATCC,GTATCC,P134_CA_Standardization,"ROSA, FullPanel"
CH_00015,CH-00015,4330-015_P134MiSeq_G2_GTseq_i001_OtsFinal,G2,GTseq_i7_i001,CGTGAT,i5_ATCAAA,ATCAAA,P134_CA_Standardization,"ROSA, FullPanel"
CH_00016,CH-00016,4330-016_P134MiSeq_H2_GTseq_i001_OtsFinal,H2,GTseq_i7_i001,CGTGAT,i5_GTGTAA,GTGTAA,P134_CA_Standardization,"ROSA, FullPanel"
CH_00017,CH-00017,4330-017_P134MiSeq_A3_GTseq_i001_OtsFinal,A3,GTseq_i7_i001,CGTGAT,i5_ATTCCG,ATTCCG,P134_CA_Standardization,"ROSA, FullPanel"
CH_00018,CH-00018,4330-018_P134MiSeq_B3_GTseq_i001_OtsFinal,B3,GTseq_i7_i001,CGTGAT,i5_TAATTC,TAATTC,P134_CA_Standardization,"ROSA, FullPanel"
CH_00019,CH-00019,4330-019_P134MiSeq_C3_GTseq_i001_OtsFinal,C3,GTseq_i7_i001,CGTGAT,i5_CACCTC,CACCTC,P134_CA_Standardization,"ROSA, FullPanel"
CH_00020,CH-00020,4330-020_P134MiSeq_D3_GTseq_i001_OtsFinal,D3,GTseq_i7_i001,CGTGAT,i5_TAGTAT,TAGTAT,P134_CA_Standardization,"ROSA, FullPanel"
CH_00021,CH-00021,4330-021_P134MiSeq_E3_GTseq_i001_OtsFinal,E3,GTseq_i7_i001,CGTGAT,i5_CCATTT,CCATTT,P134_CA_Standardization,"ROSA, FullPanel"
CH_00022,CH-00022,4330-022_P134MiSeq_F3_GTseq_i001_OtsFinal,F3,GTseq_i7_i001,CGTGAT,i5_TCCTGC,TCCTGC,P134_CA_Standardization,"ROSA, FullPanel"
CH_00023,CH-00023,4330-023_P134MiSeq_G3_GTseq_i001_OtsFinal,G3,GTseq_i7_i001,CGTGAT,i5_CCGAGG,CCGAGG,P134_CA_Standardization,"ROSA, FullPanel"
CH_00024,CH-00024,4330-024_P134MiSeq_H3_GTseq_i001_OtsFinal,H3,GTseq_i7_i001,CGTGAT,i5_TCGGAC,TCGGAC,P134_CA_Standardization,"ROSA, FullPanel"
CH_00025,CH-00025,4330-027_P134MiSeq_A4_GTseq_i001_OtsFinal,A4,GTseq_i7_i001,CGTGAT,i5_CGAGGC,CGAGGC,P134_CA_Standardization,"ROSA, FullPanel"
CH_00026,CH-00026,4330-028_P134MiSeq_B4_GTseq_i001_OtsFinal,B4,GTseq_i7_i001,CGTGAT,i5_TGAACC,TGAACC,P134_CA_Standardization,"ROSA, FullPanel"
CH_00027,CH-00027,4330-030_P134MiSeq_C4_GTseq_i001_OtsFinal,C4,GTseq_i7_i001,CGTGAT,i5_CGGTCC,CGGTCC,P134_CA_Standardization,"ROSA, FullPanel"
CH_00028,CH-00028,4330-031_P134MiSeq_D4_GTseq_i001_OtsFinal,D4,GTseq_i7_i001,CGTGAT,i5_TGCTTA,TGCTTA,P134_CA_Standardization,"ROSA, FullPanel"
CH_00029,CH-00029,4330-032_P134MiSeq_E4_GTseq_i001_OtsFinal,E4,GTseq_i7_i001,CGTGAT,i5_CTACAG,CTACAG,P134_CA_Standardization,"ROSA, FullPanel"
CH_00030,CH-00030,4330-034_P134MiSeq_F4_GTseq_i001_OtsFinal,F4,GTseq_i7_i001,CGTGAT,i5_TTCCGT,TTCCGT,P134_CA_Standardization,"ROSA, FullPanel"
CH_00031,CH-00031,4330-036_P134MiSeq_G4_GTseq_i001_OtsFinal,G4,GTseq_i7_i001,CGTGAT,i5_CTGGTT,CTGGTT,P134_CA_Standardization,"ROSA, FullPanel"
CH_00032,CH-00032,4330-037_P134MiSeq_H4_GTseq_i001_OtsFinal,H4,GTseq_i7_i001,CGTGAT,i5_TTTAAT,TTTAAT,P134_CA_Standardization,"ROSA, FullPanel"
CH_00033,CH-00033,4330-038_P134MiSeq_A5_GTseq_i001_OtsFinal,A5,GTseq_i7_i001,CGTGAT,i5_GAAATG,GAAATG,P134_CA_Standardization,"ROSA, FullPanel"
CH_00034,CH-00034,4330-039_P134MiSeq_B5_GTseq_i001_OtsFinal,B5,GTseq_i7_i001,CGTGAT,i5_AACTGA,AACTGA,P134_CA_Standardization,"ROSA, FullPanel"
CH_00035,CH-00035,4330-041_P134MiSeq_C5_GTseq_i001_OtsFinal,C5,GTseq_i7_i001,CGTGAT,i5_GACTCT,GACTCT,P134_CA_Standardization,"ROSA, FullPanel"
CH_00036,CH-00036,4330-046_P134MiSeq_D5_GTseq_i001_OtsFinal,D5,GTseq_i7_i001,CGTGAT,i5_AATATC,AATATC,P134_CA_Standardization,"ROSA, FullPanel"
CH_00037,CH-00037,4330-049_P134MiSeq_E5_GTseq_i001_OtsFinal,E5,GTseq_i7_i001,CGTGAT,i5_GCAGAT,GCAGAT,P134_CA_Standardization,"ROSA, FullPanel"
CH_00038,CH-00038,4330-051_P134MiSeq_F5_GTseq_i001_OtsFinal,F5,GTseq_i7_i001,CGTGAT,i5_ACAGCG,ACAGCG,P134_CA_Standardization,"ROSA, FullPanel"
CH_00039,CH-00039,4330-052_P134MiSeq_G5_GTseq_i001_OtsFinal,G5,GTseq_i7_i001,CGTGAT,i5_GCGACC,GCGACC,P134_CA_Standardization,"ROSA, FullPanel"
CH_00040,CH-00040,4330-054_P134MiSeq_H5_GTseq_i001_OtsFinal,H5,GTseq_i7_i001,CGTGAT,i5_ACCCCC,ACCCCC,P134_CA_Standardization,"ROSA, FullPanel"
CH_00041,CH-00041,4330-055_P134MiSeq_A6_GTseq_i001_OtsFinal,A6,GTseq_i7_i001,CGTGAT,i5_GGACTT,GGACTT,P134_CA_Standardization,"ROSA, FullPanel"
CH_00042,CH-00042,4330-056_P134MiSeq_B6_GTseq_i001_OtsFinal,B6,GTseq_i7_i001,CGTGAT,i5_AGCCAT,AGCCAT,P134_CA_Standardization,"ROSA, FullPanel"
CH_00043,CH-00043,4330-057_P134MiSeq_C6_GTseq_i001_OtsFinal,C6,GTseq_i7_i001,CGTGAT,i5_GGGGCG,GGGGCG,P134_CA_Standardization,"ROSA, FullPanel"
CH_00044,CH-00044,4330-060_P134MiSeq_D6_GTseq_i001_OtsFinal,D6,GTseq_i7_i001,CGTGAT,i5_AGGTGT,AGGTGT,P134_CA_Standardization,"ROSA, FullPanel"
CH_00045,CH-00045,4330-062_P134MiSeq_E6_GTseq_i001_OtsFinal,E6,GTseq_i7_i001,CGTGAT,i5_GTAAGT,GTAAGT,P134_CA_Standardization,"ROSA, FullPanel"
CH_00046,CH-00046,4330-065_P134MiSeq_F6_GTseq_i001_OtsFinal,F6,GTseq_i7_i001,CGTGAT,i5_ATAGTA,ATAGTA,P134_CA_Standardization,"ROSA, FullPanel"
CH_00047,CH-00047,4330-066_P134MiSeq_G6_GTseq_i001_OtsFinal,G6,GTseq_i7_i001,CGTGAT,i5_GTGCCT,GTGCCT,P134_CA_Standardization,"ROSA, FullPanel"
CH_00048,CH-00048,4330-068_P134MiSeq_H6_GTseq_i001_OtsFinal,H6,GTseq_i7_i001,CGTGAT,i5_ATGTTG,ATGTTG,P134_CA_Standardization,"ROSA, FullPanel"
CH_00049,CH-00049,4330-070_P134MiSeq_A7_GTseq_i001_OtsFinal,A7,GTseq_i7_i001,CGTGAT,i5_TAAGCT,TAAGCT,P134_CA_Standardization,"ROSA, FullPanel"
CH_00050,CH-00050,4330-072_P134MiSeq_B7_GTseq_i001_OtsFinal,B7,GTseq_i7_i001,CGTGAT,i5_CAATCG,CAATCG,P134_CA_Standardization,"ROSA, FullPanel"
CH_00051,CH-00051,4330-074_P134MiSeq_C7_GTseq_i001_OtsFinal,C7,GTseq_i7_i001,CGTGAT,i5_TACGGG,TACGGG,P134_CA_Standardization,"ROSA, FullPanel"
CH_00052,CH-00052,4330-075_P134MiSeq_D7_GTseq_i001_OtsFinal,D7,GTseq_i7_i001,CGTGAT,i5_CATACT,CATACT,P134_CA_Standardization,"ROSA, FullPanel"
CH_00053,CH-00053,4330-076_P134MiSeq_E7_GTseq_i001_OtsFinal,E7,GTseq_i7_i001,CGTGAT,i5_TCAAAG,TCAAAG,P134_CA_Standardization,"ROSA, FullPanel"
CH_00054,CH-00054,4330-077_P134MiSeq_F7_GTseq_i001_OtsFinal,F7,GTseq_i7_i001,CGTGAT,i5_CCCTAA,CCCTAA,P134_CA_Standardization,"ROSA, FullPanel"
CH_00055,CH-00055,4330-078_P134MiSeq_G7_GTseq_i001_OtsFinal,G7,GTseq_i7_i001,CGTGAT,i5_TCGCCA,TCGCCA,P134_CA_Standardization,"ROSA, FullPanel"
CH_00056,CH-00056,4330-079_P134MiSeq_H7_GTseq_i001_OtsFinal,H7,GTseq_i7_i001,CGTGAT,i5_CCTAAC,CCTAAC,P134_CA_Standardization,"ROSA, FullPanel"
CH_00057,CH-00057,4330-080_P134MiSeq_A8_GTseq_i001_OtsFinal,A8,GTseq_i7_i001,CGTGAT,i5_TCTTCT,TCTTCT,P134_CA_Standardization,"ROSA, FullPanel"
CH_00058,CH-00058,4330-081_P134MiSeq_B8_GTseq_i001_OtsFinal,B8,GTseq_i7_i001,CGTGAT,i5_CGCGTG,CGCGTG,P134_CA_Standardization,"ROSA, FullPanel"
CH_00059,CH-00059,4330-082_P134MiSeq_C8_GTseq_i001_OtsFinal,C8,GTseq_i7_i001,CGTGAT,i5_TGCCCG,TGCCCG,P134_CA_Standardization,"ROSA, FullPanel"
CH_00060,CH-00060,4330-083_P134MiSeq_D8_GTseq_i001_OtsFinal,D8,GTseq_i7_i001,CGTGAT,i5_CGTGAT,CGTGAT,P134_CA_Standardization,"ROSA, FullPanel"
CH_00061,CH-00061,4330-084_P134MiSeq_E8_GTseq_i001_OtsFinal,E8,GTseq_i7_i001,CGTGAT,i5_TTATGA,TTATGA,P134_CA_Standardization,"ROSA, FullPanel"
CH_00062,CH-00062,4330-085_P134MiSeq_F8_GTseq_i001_OtsFinal,F8,GTseq_i7_i001,CGTGAT,i5_CTGCGA,CTGCGA,P134_CA_Standardization,"ROSA, FullPanel"
CH_00063,CH-00063,4330-086_P134MiSeq_G8_GTseq_i001_OtsFinal,G8,GTseq_i7_i001,CGTGAT,i5_TTGAGC,TTGAGC,P134_CA_Standardization,"ROSA, FullPanel"
CH_00064,CH-00064,4330-087_P134MiSeq_H8_GTseq_i001_OtsFinal,H8,GTseq_i7_i001,CGTGAT,i5_CTTTGC,CTTTGC,P134_CA_Standardization,"ROSA, FullPanel"
CH_00065,CH-00065,4330-088_P134MiSeq_A9_GTseq_i001_OtsFinal,A9,GTseq_i7_i001,CGTGAT,i5_AACGTT,AACGTT,P134_CA_Standardization,"ROSA, FullPanel"
CH_00066,CH-00066,4330-089_P134MiSeq_B9_GTseq_i001_OtsFinal,B9,GTseq_i7_i001,CGTGAT,i5_GACGAC,GACGAC,P134_CA_Standardization,"ROSA, FullPanel"
CH_00067,CH-00067,4330-090_P134MiSeq_C9_GTseq_i001_OtsFinal,C9,GTseq_i7_i001,CGTGAT,i5_AAGCTA,AAGCTA,P134_CA_Standardization,"ROSA, FullPanel"
CH_00068,CH-00068,4330-091_P134MiSeq_D9_GTseq_i001_OtsFinal,D9,GTseq_i7_i001,CGTGAT,i5_AATCGT,AATCGT,P134_CA_Standardization,"ROSA, FullPanel"
CH_00069,CH-00069,4330-092_P134MiSeq_E9_GTseq_i001_OtsFinal,E9,GTseq_i7_i001,CGTGAT,i5_ACAAGA,ACAAGA,P134_CA_Standardization,"ROSA, FullPanel"
CH_00070,CH-00070,4330-093_P134MiSeq_F9_GTseq_i001_OtsFinal,F9,GTseq_i7_i001,CGTGAT,i5_GCCGTA,GCCGTA,P134_CA_Standardization,"ROSA, FullPanel"
CH_00071,CH-00071,4330-094_P134MiSeq_G9_GTseq_i001_OtsFinal,G9,GTseq_i7_i001,CGTGAT,i5_ACCATG,ACCATG,P134_CA_Standardization,"ROSA, FullPanel"
CH_00072,CH-00072,4330-095_P134MiSeq_H9_GTseq_i001_OtsFinal,H9,GTseq_i7_i001,CGTGAT,i5_GCTCAA,GCTCAA,P134_CA_Standardization,"ROSA, FullPanel"
CH_00073,CH-00073,4330-096_P134MiSeq_A10_GTseq_i001_OtsFinal,A10,GTseq_i7_i001,CGTGAT,i5_ACTGGC,ACTGGC,P134_CA_Standardization,"ROSA, FullPanel"
CH_00074,CH-00074,4330-097_P134MiSeq_B10_GTseq_i001_OtsFinal,B10,GTseq_i7_i001,CGTGAT,i5_GGGCGC,GGGCGC,P134_CA_Standardization,"ROSA, FullPanel"
CH_00075,CH-00075,4330-098_P134MiSeq_C10_GTseq_i001_OtsFinal,C10,GTseq_i7_i001,CGTGAT,i5_AGGGTC,AGGGTC,P134_CA_Standardization,"ROSA, FullPanel"
CH_00076,CH-00076,4330-099_P134MiSeq_D10_GTseq_i001_OtsFinal,D10,GTseq_i7_i001,CGTGAT,i5_GGTTTG,GGTTTG,P134_CA_Standardization,"ROSA, FullPanel"
CH_00077,CH-00077,4330-100_P134MiSeq_E10_GTseq_i001_OtsFinal,E10,GTseq_i7_i001,CGTGAT,i5_AGTTAA,AGTTAA,P134_CA_Standardization,"ROSA, FullPanel"
CH_00078,CH-00078,4330-101_P134MiSeq_F10_GTseq_i001_OtsFinal,F10,GTseq_i7_i001,CGTGAT,i5_GTCATC,GTCATC,P134_CA_Standardization,"ROSA, FullPanel"
CH_00079,CH-00079,4330-102_P134MiSeq_G10_GTseq_i001_OtsFinal,G10,GTseq_i7_i001,CGTGAT,i5_ATGCAC,ATGCAC,P134_CA_Standardization,"ROSA, FullPanel"
CH_00080,CH-00080,4330-103_P134MiSeq_H10_GTseq_i001_OtsFinal,H10,GTseq_i7_i001,CGTGAT,i5_GTTGGA,GTTGGA,P134_CA_Standardization,"ROSA, FullPanel"
CH_00081,CH-00081,4330-104_P134MiSeq_A11_GTseq_i001_OtsFinal,A11,GTseq_i7_i001,CGTGAT,i5_CAAAAA,CAAAAA,P134_CA_Standardization,"ROSA, FullPanel"
CH_00082,CH-00082,4330-105_P134MiSeq_B11_GTseq_i001_OtsFinal,B11,GTseq_i7_i001,CGTGAT,i5_TACACA,TACACA,P134_CA_Standardization,"ROSA, FullPanel"
CH_00083,CH-00083,4330-106_P134MiSeq_C11_GTseq_i001_OtsFinal,C11,GTseq_i7_i001,CGTGAT,i5_CAGGCA,CAGGCA,P134_CA_Standardization,"ROSA, FullPanel"
CH_00084,CH-00084,4330-107_P134MiSeq_D11_GTseq_i001_OtsFinal,D11,GTseq_i7_i001,CGTGAT,i5_TATCAC,TATCAC,P134_CA_Standardization,"ROSA, FullPanel"
CH_00085,CH-00085,4330-108_P134MiSeq_E11_GTseq_i001_OtsFinal,E11,GTseq_i7_i001,CGTGAT,i5_CCCGGT,CCCGGT,P134_CA_Standardization,"ROSA, FullPanel"
CH_00086,CH-00086,4330-109_P134MiSeq_F11_GTseq_i001_OtsFinal,F11,GTseq_i7_i001,CGTGAT,i5_TCGATT,TCGATT,P134_CA_Standardization,"ROSA, FullPanel"
CH_00087,CH-00087,4330-110_P134MiSeq_G11_GTseq_i001_OtsFinal,G11,GTseq_i7_i001,CGTGAT,i5_CCGCAT,CCGCAT,P134_CA_Standardization,"ROSA, FullPanel"
CH_00088,CH-00088,4330-111_P134MiSeq_H11_GTseq_i001_OtsFinal,H11,GTseq_i7_i001,CGTGAT,i5_TCTCGG,TCTCGG,P134_CA_Standardization,"ROSA, FullPanel"
CH_00089,CH-00089,4330-112_P134MiSeq_A12_GTseq_i001_OtsFinal,A12,GTseq_i7_i001,CGTGAT,i5_CGCAGA,CGCAGA,P134_CA_Standardization,"ROSA, FullPanel"
CH_00090,CH-00090,4330-113_P134MiSeq_B12_GTseq_i001_OtsFinal,B12,GTseq_i7_i001,CGTGAT,i5_TGACAA,TGACAA,P134_CA_Standardization,"ROSA, FullPanel"
CH_00091,CH-00091,4330-114_P134MiSeq_C12_GTseq_i001_OtsFinal,C12,GTseq_i7_i001,CGTGAT,i5_CGTCTA,CGTCTA,P134_CA_Standardization,"ROSA, FullPanel"
CH_00092,CH-00092,4330-115_P134MiSeq_D12_GTseq_i001_OtsFinal,D12,GTseq_i7_i001,CGTGAT,i5_TGGGGA,TGGGGA,P134_CA_Standardization,"ROSA, FullPanel"
CH_00093,CH-00093,4330-116_P134MiSeq_E12_GTseq_i001_OtsFinal,E12,GTseq_i7_i001,CGTGAT,i5_CTCGCC,CTCGCC,P134_CA_Standardization,"ROSA, FullPanel"
CH_00094,CH-00094,4330-117_P134MiSeq_F12_GTseq_i001_OtsFinal,F12,GTseq_i7_i001,CGTGAT,i5_TTCTAG,TTCTAG,P134_CA_Standardization,"ROSA, FullPanel"
CH_00095,CH-00095,4330-118_P134MiSeq_G12_GTseq_i001_OtsFinal,G12,GTseq_i7_i001,CGTGAT,i5_CTTATG,CTTATG,P134_CA_Standardization,"ROSA, FullPanel"
CH_00096,CH-00096,NegativeCGTGAT_P134MiSeq_H12_GTseq_i001_OtsFinal,H12,GTseq_i7_i001,CGTGAT,i5_TTTGTC,TTTGTC,P134_CA_Standardization,"ROSA, FullPanel"
CH_00097,CH-00097,4330-119_P134MiSeq_A1_GTseq_i002_OtsFinal,A1,GTseq_i7_i002,ACATCG,i5_AAACGG,AAACGG,P134_CA_Standardization,"ROSA, FullPanel"
CH_00098,CH-00098,4330-120_P134MiSeq_B1_GTseq_i002_OtsFinal,B1,GTseq_i7_i002,ACATCG,i5_GAACCA,GAACCA,P134_CA_Standardization,"ROSA, FullPanel"
CH_00099,CH-00099,4330-121_P134MiSeq_C1_GTseq_i002_OtsFinal,C1,GTseq_i7_i002,ACATCG,i5_AAGACG,AAGACG,P134_CA_Standardization,"ROSA, FullPanel"
CH_00100,CH-00100,4330-122_P134MiSeq_D1_GTseq_i002_OtsFinal,D1,GTseq_i7_i002,ACATCG,i5_GAGAGA,GAGAGA,P134_CA_Standardization,"ROSA, FullPanel"
CH_00101,CH-00101,4330-123_P134MiSeq_E1_GTseq_i002_OtsFinal,E1,GTseq_i7_i002,ACATCG,i5_AATGAG,AATGAG,P134_CA_Standardization,"ROSA, FullPanel"
CH_00102,CH-00102,4330-124_P134MiSeq_F1_GTseq_i002_OtsFinal,F1,GTseq_i7_i002,ACATCG,i5_GCATGG,GCATGG,P134_CA_Standardization,"ROSA, FullPanel"
CH_00103,CH-00103,4330-125_P134MiSeq_G1_GTseq_i002_OtsFinal,G1,GTseq_i7_i002,ACATCG,i5_ACATAC,ACATAC,P134_CA_Standardization,"ROSA, FullPanel"
CH_00104,CH-00104,4330-126_P134MiSeq_H1_GTseq_i002_OtsFinal,H1,GTseq_i7_i002,ACATCG,i5_GCGCTG,GCGCTG,P134_CA_Standardization,"ROSA, FullPanel"
CH_00105,CH-00105,4330-127_P134MiSeq_A2_GTseq_i002_OtsFinal,A2,GTseq_i7_i002,ACATCG,i5_ACTCTT,ACTCTT,P134_CA_Standardization,"ROSA, FullPanel"
CH_00106,CH-00106,4330-128_P134MiSeq_B2_GTseq_i002_OtsFinal,B2,GTseq_i7_i002,ACATCG,i5_GGCAAG,GGCAAG,P134_CA_Standardization,"ROSA, FullPanel"
CH_00107,CH-00107,4330-129_P134MiSeq_C2_GTseq_i002_OtsFinal,C2,GTseq_i7_i002,ACATCG,i5_AGCGCA,AGCGCA,P134_CA_Standardization,"ROSA, FullPanel"
CH_00108,CH-00108,4330-130_P134MiSeq_D2_GTseq_i002_OtsFinal,D2,GTseq_i7_i002,ACATCG,i5_GGTACA,GGTACA,P134_CA_Standardization,"ROSA, FullPanel"
CH_00109,CH-00109,4330-131_P134MiSeq_E2_GTseq_i002_OtsFinal,E2,GTseq_i7_i002,ACATCG,i5_AGTAGG,AGTAGG,P134_CA_Standardization,"ROSA, FullPanel"
CH_00110,CH-00110,4330-132_P134MiSeq_F2_GTseq_i002_OtsFinal,F2,GTseq_i7_i002,ACATCG,i5_GTATCC,GTATCC,P134_CA_Standardization,"ROSA, FullPanel"
CH_00111,CH-00111,4330-133_P134MiSeq_G2_GTseq_i002_OtsFinal,G2,GTseq_i7_i002,ACATCG,i5_ATCAAA,ATCAAA,P134_CA_Standardization,"ROSA, FullPanel"
CH_00112,CH-00112,4330-134_P134MiSeq_H2_GTseq_i002_OtsFinal,H2,GTseq_i7_i002,ACATCG,i5_GTGTAA,GTGTAA,P134_CA_Standardization,"ROSA, FullPanel"
CH_00113,CH-00113,4330-135_P134MiSeq_A3_GTseq_i002_OtsFinal,A3,GTseq_i7_i002,ACATCG,i5_ATTCCG,ATTCCG,P134_CA_Standardization,"ROSA, FullPanel"
CH_00114,CH-00114,4330-136_P134MiSeq_B3_GTseq_i002_OtsFinal,B3,GTseq_i7_i002,ACATCG,i5_TAATTC,TAATTC,P134_CA_Standardization,"ROSA, FullPanel"
CH_00115,CH-00115,4330-137_P134MiSeq_C3_GTseq_i002_OtsFinal,C3,GTseq_i7_i002,ACATCG,i5_CACCTC,CACCTC,P134_CA_Standardization,"ROSA, FullPanel"
CH_00116,CH-00116,4330-138_P134MiSeq_D3_GTseq_i002_OtsFinal,D3,GTseq_i7_i002,ACATCG,i5_TAGTAT,TAGTAT,P134_CA_Standardization,"ROSA, FullPanel"
CH_00117,CH-00117,4330-139_P134MiSeq_E3_GTseq_i002_OtsFinal,E3,GTseq_i7_i002,ACATCG,i5_CCATTT,CCATTT,P134_CA_Standardization,"ROSA, FullPanel"
CH_00118,CH-00118,4330-140_P134MiSeq_F3_GTseq_i002_OtsFinal,F3,GTseq_i7_i002,ACATCG,i5_TCCTGC,TCCTGC,P134_CA_Standardization,"ROSA, FullPanel"
CH_00119,CH-00119,4330-141_P134MiSeq_G3_GTseq_i002_OtsFinal,G3,GTseq_i7_i002,ACATCG,i5_CCGAGG,CCGAGG,P134_CA_Standardization,"ROSA, FullPanel"
CH_00120,CH-00120,4330-142_P134MiSeq_H3_GTseq_i002_OtsFinal,H3,GTseq_i7_i002,ACATCG,i5_TCGGAC,TCGGAC,P134_CA_Standardization,"ROSA, FullPanel"
CH_00121,CH-00121,4330-143_P134MiSeq_A4_GTseq_i002_OtsFinal,A4,GTseq_i7_i002,ACATCG,i5_CGAGGC,CGAGGC,P134_CA_Standardization,"ROSA, FullPanel"
CH_00122,CH-00122,4330-144_P134MiSeq_B4_GTseq_i002_OtsFinal,B4,GTseq_i7_i002,ACATCG,i5_TGAACC,TGAACC,P134_CA_Standardization,"ROSA, FullPanel"
CH_00123,CH-00123,4330-145_P134MiSeq_C4_GTseq_i002_OtsFinal,C4,GTseq_i7_i002,ACATCG,i5_CGGTCC,CGGTCC,P134_CA_Standardization,"ROSA, FullPanel"
CH_00124,CH-00124,4330-146_P134MiSeq_D4_GTseq_i002_OtsFinal,D4,GTseq_i7_i002,ACATCG,i5_TGCTTA,TGCTTA,P134_CA_Standardization,"ROSA, FullPanel"
CH_00125,CH-00125,4330-147_P134MiSeq_E4_GTseq_i002_OtsFinal,E4,GTseq_i7_i002,ACATCG,i5_CTACAG,CTACAG,P134_CA_Standardization,"ROSA, FullPanel"
CH_00126,CH-00126,4330-148_P134MiSeq_F4_GTseq_i002_OtsFinal,F4,GTseq_i7_i002,ACATCG,i5_TTCCGT,TTCCGT,P134_CA_Standardization,"ROSA, FullPanel"
CH_00127,CH-00127,4330-149_P134MiSeq_G4_GTseq_i002_OtsFinal,G4,GTseq_i7_i002,ACATCG,i5_CTGGTT,CTGGTT,P134_CA_Standardization,"ROSA, FullPanel"
CH_00128,CH-00128,4330-150_P134MiSeq_H4_GTseq_i002_OtsFinal,H4,GTseq_i7_i002,ACATCG,i5_TTTAAT,TTTAAT,P134_CA_Standardization,"ROSA, FullPanel"
CH_00129,CH-00129,4330-151_P134MiSeq_A5_GTseq_i002_OtsFinal,A5,GTseq_i7_i002,ACATCG,i5_GAAATG,GAAATG,P134_CA_Standardization,"ROSA, FullPanel"
CH_00130,CH-00130,4330-152_P134MiSeq_B5_GTseq_i002_OtsFinal,B5,GTseq_i7_i002,ACATCG,i5_AACTGA,AACTGA,P134_CA_Standardization,"ROSA, FullPanel"
CH_00131,CH-00131,4330-153_P134MiSeq_C5_GTseq_i002_OtsFinal,C5,GTseq_i7_i002,ACATCG,i5_GACTCT,GACTCT,P134_CA_Standardization,"ROSA, FullPanel"
CH_00132,CH-00132,4330-154_P134MiSeq_D5_GTseq_i002_OtsFinal,D5,GTseq_i7_i002,ACATCG,i5_AATATC,AATATC,P134_CA_Standardization,"ROSA, FullPanel"
CH_00133,CH-00133,4330-155_P134MiSeq_E5_GTseq_i002_OtsFinal,E5,GTseq_i7_i002,ACATCG,i5_GCAGAT,GCAGAT,P134_CA_Standardization,"ROSA, FullPanel"
CH_00134,CH-00134,4330-156_P134MiSeq_F5_GTseq_i002_OtsFinal,F5,GTseq_i7_i002,ACATCG,i5_ACAGCG,ACAGCG,P134_CA_Standardization,"ROSA, FullPanel"
CH_00135,CH-00135,4330-157_P134MiSeq_G5_GTseq_i002_OtsFinal,G5,GTseq_i7_i002,ACATCG,i5_GCGACC,GCGACC,P134_CA_Standardization,"ROSA, FullPanel"
CH_00136,CH-00136,4330-158_P134MiSeq_H5_GTseq_i002_OtsFinal,H5,GTseq_i7_i002,ACATCG,i5_ACCCCC,ACCCCC,P134_CA_Standardization,"ROSA, FullPanel"
CH_00137,CH-00137,4330-159_P134MiSeq_A6_GTseq_i002_OtsFinal,A6,GTseq_i7_i002,ACATCG,i5_GGACTT,GGACTT,P134_CA_Standardization,"ROSA, FullPanel"
CH_00138,CH-00138,4330-160_P134MiSeq_B6_GTseq_i002_OtsFinal,B6,GTseq_i7_i002,ACATCG,i5_AGCCAT,AGCCAT,P134_CA_Standardization,"ROSA, FullPanel"
CH_00139,CH-00139,4330-161_P134MiSeq_C6_GTseq_i002_OtsFinal,C6,GTseq_i7_i002,ACATCG,i5_GGGGCG,GGGGCG,P134_CA_Standardization,"ROSA, FullPanel"
CH_00140,CH-00140,4330-162_P134MiSeq_D6_GTseq_i002_OtsFinal,D6,GTseq_i7_i002,ACATCG,i5_AGGTGT,AGGTGT,P134_CA_Standardization,"ROSA, FullPanel"
CH_00141,CH-00141,4330-163_P134MiSeq_E6_GTseq_i002_OtsFinal,E6,GTseq_i7_i002,ACATCG,i5_GTAAGT,GTAAGT,P134_CA_Standardization,"ROSA, FullPanel"
CH_00142,CH-00142,4330-164_P134MiSeq_F6_GTseq_i002_OtsFinal,F6,GTseq_i7_i002,ACATCG,i5_ATAGTA,ATAGTA,P134_CA_Standardization,"ROSA, FullPanel"
CH_00143,CH-00143,4330-165_P134MiSeq_G6_GTseq_i002_OtsFinal,G6,GTseq_i7_i002,ACATCG,i5_GTGCCT,GTGCCT,P134_CA_Standardization,"ROSA, FullPanel"
CH_00144,CH-00144,4330-166_P134MiSeq_H6_GTseq_i002_OtsFinal,H6,GTseq_i7_i002,ACATCG,i5_ATGTTG,ATGTTG,P134_CA_Standardization,"ROSA, FullPanel"
CH_00145,CH-00145,4330-167_P134MiSeq_A7_GTseq_i002_OtsFinal,A7,GTseq_i7_i002,ACATCG,i5_TAAGCT,TAAGCT,P134_CA_Standardization,"ROSA, FullPanel"
CH_00146,CH-00146,4330-168_P134MiSeq_B7_GTseq_i002_OtsFinal,B7,GTseq_i7_i002,ACATCG,i5_CAATCG,CAATCG,P134_CA_Standardization,"ROSA, FullPanel"
CH_00147,CH-00147,4330-169_P134MiSeq_C7_GTseq_i002_OtsFinal,C7,GTseq_i7_i002,ACATCG,i5_TACGGG,TACGGG,P134_CA_Standardization,"ROSA, FullPanel"
CH_00148,CH-00148,4330-170_P134MiSeq_D7_GTseq_i002_OtsFinal,D7,GTseq_i7_i002,ACATCG,i5_CATACT,CATACT,P134_CA_Standardization,"ROSA, FullPanel"
CH_00149,CH-00149,4330-171_P134MiSeq_E7_GTseq_i002_OtsFinal,E7,GTseq_i7_i002,ACATCG,i5_TCAAAG,TCAAAG,P134_CA_Standardization,"ROSA, FullPanel"
CH_00150,CH-00150,4330-172_P134MiSeq_F7_GTseq_i002_OtsFinal,F7,GTseq_i7_i002,ACATCG,i5_CCCTAA,CCCTAA,P134_CA_Standardization,"ROSA, FullPanel"
CH_00151,CH-00151,4330-173_P134MiSeq_G7_GTseq_i002_OtsFinal,G7,GTseq_i7_i002,ACATCG,i5_TCGCCA,TCGCCA,P134_CA_Standardization,"ROSA, FullPanel"
CH_00152,CH-00152,4330-174_P134MiSeq_H7_GTseq_i002_OtsFinal,H7,GTseq_i7_i002,ACATCG,i5_CCTAAC,CCTAAC,P134_CA_Standardization,"ROSA, FullPanel"
CH_00153,CH-00153,4330-175_P134MiSeq_A8_GTseq_i002_OtsFinal,A8,GTseq_i7_i002,ACATCG,i5_TCTTCT,TCTTCT,P134_CA_Standardization,"ROSA, FullPanel"
CH_00154,CH-00154,4330-176_P134MiSeq_B8_GTseq_i002_OtsFinal,B8,GTseq_i7_i002,ACATCG,i5_CGCGTG,CGCGTG,P134_CA_Standardization,"ROSA, FullPanel"
CH_00155,CH-00155,4330-177_P134MiSeq_C8_GTseq_i002_OtsFinal,C8,GTseq_i7_i002,ACATCG,i5_TGCCCG,TGCCCG,P134_CA_Standardization,"ROSA, FullPanel"
CH_00156,CH-00156,4330-178_P134MiSeq_D8_GTseq_i002_OtsFinal,D8,GTseq_i7_i002,ACATCG,i5_CGTGAT,CGTGAT,P134_CA_Standardization,"ROSA, FullPanel"
CH_00157,CH-00157,4330-179_P134MiSeq_E8_GTseq_i002_OtsFinal,E8,GTseq_i7_i002,ACATCG,i5_TTATGA,TTATGA,P134_CA_Standardization,"ROSA, FullPanel"
CH_00158,CH-00158,4330-180_P134MiSeq_F8_GTseq_i002_OtsFinal,F8,GTseq_i7_i002,ACATCG,i5_CTGCGA,CTGCGA,P134_CA_Standardization,"ROSA, FullPanel"
CH_00159,CH-00159,4330-181_P134MiSeq_G8_GTseq_i002_OtsFinal,G8,GTseq_i7_i002,ACATCG,i5_TTGAGC,TTGAGC,P134_CA_Standardization,"ROSA, FullPanel"
CH_00160,CH-00160,4330-182_P134MiSeq_H8_GTseq_i002_OtsFinal,H8,GTseq_i7_i002,ACATCG,i5_CTTTGC,CTTTGC,P134_CA_Standardization,"ROSA, FullPanel"
CH_00161,CH-00161,4330-183_P134MiSeq_A9_GTseq_i002_OtsFinal,A9,GTseq_i7_i002,ACATCG,i5_AACGTT,AACGTT,P134_CA_Standardization,"ROSA, FullPanel"
CH_00162,CH-00162,4330-184_P134MiSeq_B9_GTseq_i002_OtsFinal,B9,GTseq_i7_i002,ACATCG,i5_GACGAC,GACGAC,P134_CA_Standardization,"ROSA, FullPanel"
CH_00163,CH-00163,4330-185_P134MiSeq_C9_GTseq_i002_OtsFinal,C9,GTseq_i7_i002,ACATCG,i5_AAGCTA,AAGCTA,P134_CA_Standardization,"ROSA, FullPanel"
CH_00164,CH-00164,4330-186_P134MiSeq_D9_GTseq_i002_OtsFinal,D9,GTseq_i7_i002,ACATCG,i5_AATCGT,AATCGT,P134_CA_Standardization,"ROSA, FullPanel"
CH_00165,CH-00165,4330-187_P134MiSeq_E9_GTseq_i002_OtsFinal,E9,GTseq_i7_i002,ACATCG,i5_ACAAGA,ACAAGA,P134_CA_Standardization,"ROSA, FullPanel"
CH_00166,CH-00166,4330-188_P134MiSeq_F9_GTseq_i002_OtsFinal,F9,GTseq_i7_i002,ACATCG,i5_GCCGTA,GCCGTA,P134_CA_Standardization,"ROSA, FullPanel"
CH_00167,CH-00167,4330-189_P134MiSeq_G9_GTseq_i002_OtsFinal,G9,GTseq_i7_i002,ACATCG,i5_ACCATG,ACCATG,P134_CA_Standardization,"ROSA, FullPanel"
CH_00168,CH-00168,4330-190_P134MiSeq_H9_GTseq_i002_OtsFinal,H9,GTseq_i7_i002,ACATCG,i5_GCTCAA,GCTCAA,P134_CA_Standardization,"ROSA, FullPanel"
CH_00169,CH-00169,4330-191_P134MiSeq_A10_GTseq_i002_OtsFinal,A10,GTseq_i7_i002,ACATCG,i5_ACTGGC,ACTGGC,P134_CA_Standardization,"ROSA, FullPanel"
CH_00170,CH-00170,4330-192_P134MiSeq_B10_GTseq_i002_OtsFinal,B10,GTseq_i7_i002,ACATCG,i5_GGGCGC,GGGCGC,P134_CA_Standardization,"ROSA, FullPanel"
CH_00171,CH-00171,4330-193_P134MiSeq_C10_GTseq_i002_OtsFinal,C10,GTseq_i7_i002,ACATCG,i5_AGGGTC,AGGGTC,P134_CA_Standardization,"ROSA, FullPanel"
CH_00172,CH-00172,4330-194_P134MiSeq_D10_GTseq_i002_OtsFinal,D10,GTseq_i7_i002,ACATCG,i5_GGTTTG,GGTTTG,P134_CA_Standardization,"ROSA, FullPanel"
CH_00173,CH-00173,4330-195_P134MiSeq_E10_GTseq_i002_OtsFinal,E10,GTseq_i7_i002,ACATCG,i5_AGTTAA,AGTTAA,P134_CA_Standardization,"ROSA, FullPanel"
CH_00174,CH-00174,4330-196_P134MiSeq_F10_GTseq_i002_OtsFinal,F10,GTseq_i7_i002,ACATCG,i5_GTCATC,GTCATC,P134_CA_Standardization,"ROSA, FullPanel"
CH_00175,CH-00175,4330-197_P134MiSeq_G10_GTseq_i002_OtsFinal,G10,GTseq_i7_i002,ACATCG,i5_ATGCAC,ATGCAC,P134_CA_Standardization,"ROSA, FullPanel"
CH_00176,CH-00176,4330-198_P134MiSeq_H10_GTseq_i002_OtsFinal,H10,GTseq_i7_i002,ACATCG,i5_GTTGGA,GTTGGA,P134_CA_Standardization,"ROSA, FullPanel"
CH_00177,CH-00177,4330-199_P134MiSeq_A11_GTseq_i002_OtsFinal,A11,GTseq_i7_i002,ACATCG,i5_CAAAAA,CAAAAA,P134_CA_Standardization,"ROSA, FullPanel"
CH_00178,CH-00178,4330-200_P134MiSeq_B11_GTseq_i002_OtsFinal,B11,GTseq_i7_i002,ACATCG,i5_TACACA,TACACA,P134_CA_Standardization,"ROSA, FullPanel"
CH_00179,CH-00179,4330-201_P134MiSeq_C11_GTseq_i002_OtsFinal,C11,GTseq_i7_i002,ACATCG,i5_CAGGCA,CAGGCA,P134_CA_Standardization,"ROSA, FullPanel"
CH_00180,CH-00180,4330-202_P134MiSeq_D11_GTseq_i002_OtsFinal,D11,GTseq_i7_i002,ACATCG,i5_TATCAC,TATCAC,P134_CA_Standardization,"ROSA, FullPanel"
CH_00181,CH-00181,4330-203_P134MiSeq_E11_GTseq_i002_OtsFinal,E11,GTseq_i7_i002,ACATCG,i5_CCCGGT,CCCGGT,P134_CA_Standardization,"ROSA, FullPanel"
CH_00182,CH-00182,4330-204_P134MiSeq_F11_GTseq_i002_OtsFinal,F11,GTseq_i7_i002,ACATCG,i5_TCGATT,TCGATT,P134_CA_Standardization,"ROSA, FullPanel"
CH_00183,CH-00183,4330-205_P134MiSeq_G11_GTseq_i002_OtsFinal,G11,GTseq_i7_i002,ACATCG,i5_CCGCAT,CCGCAT,P134_CA_Standardization,"ROSA, FullPanel"
CH_00184,CH-00184,4330-206_P134MiSeq_H11_GTseq_i002_OtsFinal,H11,GTseq_i7_i002,ACATCG,i5_TCTCGG,TCTCGG,P134_CA_Standardization,"ROSA, FullPanel"
CH_00185,CH-00185,4330-207_P134MiSeq_A12_GTseq_i002_OtsFinal,A12,GTseq_i7_i002,ACATCG,i5_CGCAGA,CGCAGA,P134_CA_Standardization,"ROSA, FullPanel"
CH_00186,CH-00186,4330-208_P134MiSeq_B12_GTseq_i002_OtsFinal,B12,GTseq_i7_i002,ACATCG,i5_TGACAA,TGACAA,P134_CA_Standardization,"ROSA, FullPanel"
CH_00187,CH-00187,4330-209_P134MiSeq_C12_GTseq_i002_OtsFinal,C12,GTseq_i7_i002,ACATCG,i5_CGTCTA,CGTCTA,P134_CA_Standardization,"ROSA, FullPanel"
CH_00188,CH-00188,4330-210_P134MiSeq_D12_GTseq_i002_OtsFinal,D12,GTseq_i7_i002,ACATCG,i5_TGGGGA,TGGGGA,P134_CA_Standardization,"ROSA, FullPanel"
CH_00189,CH-00189,4330-211_P134MiSeq_E12_GTseq_i002_OtsFinal,E12,GTseq_i7_i002,ACATCG,i5_CTCGCC,CTCGCC,P134_CA_Standardization,"ROSA, FullPanel"
CH_00190,CH-00190,4330-212_P134MiSeq_F12_GTseq_i002_OtsFinal,F12,GTseq_i7_i002,ACATCG,i5_TTCTAG,TTCTAG,P134_CA_Standardization,"ROSA, FullPanel"
CH_00191,CH-00191,4330-213_P134MiSeq_G12_GTseq_i002_OtsFinal,G12,GTseq_i7_i002,ACATCG,i5_CTTATG,CTTATG,P134_CA_Standardization,"ROSA, FullPanel"
CH_00192,CH-00192,NegativeACATCG_P134MiSeq_H12_GTseq_i002_OtsFinal,H12,GTseq_i7_i002,ACATCG,i5_TTTGTC,TTTGTC,P134_CA_Standardization,"ROSA, FullPanel"
CH_00193,CH-00193,4330-214_P134MiSeq_A1_GTseq_i003_OtsFinal,A1,GTseq_i7_i003,GCCTAA,i5_AAACGG,AAACGG,P134_CA_Standardization,"ROSA, FullPanel"
CH_00194,CH-00194,4330-215_P134MiSeq_B1_GTseq_i003_OtsFinal,B1,GTseq_i7_i003,GCCTAA,i5_GAACCA,GAACCA,P134_CA_Standardization,"ROSA, FullPanel"
CH_00195,CH-00195,4330-216_P134MiSeq_C1_GTseq_i003_OtsFinal,C1,GTseq_i7_i003,GCCTAA,i5_AAGACG,AAGACG,P134_CA_Standardization,"ROSA, FullPanel"
CH_00196,CH-00196,4330-217_P134MiSeq_D1_GTseq_i003_OtsFinal,D1,GTseq_i7_i003,GCCTAA,i5_GAGAGA,GAGAGA,P134_CA_Standardization,"ROSA, FullPanel"
CH_00197,CH-00197,4330-218_P134MiSeq_E1_GTseq_i003_OtsFinal,E1,GTseq_i7_i003,GCCTAA,i5_AATGAG,AATGAG,P134_CA_Standardization,"ROSA, FullPanel"
CH_00198,CH-00198,4330-219_P134MiSeq_F1_GTseq_i003_OtsFinal,F1,GTseq_i7_i003,GCCTAA,i5_GCATGG,GCATGG,P134_CA_Standardization,"ROSA, FullPanel"
CH_00199,CH-00199,4330-220_P134MiSeq_G1_GTseq_i003_OtsFinal,G1,GTseq_i7_i003,GCCTAA,i5_ACATAC,ACATAC,P134_CA_Standardization,"ROSA, FullPanel"
CH_00200,CH-00200,4330-221_P134MiSeq_H1_GTseq_i003_OtsFinal,H1,GTseq_i7_i003,GCCTAA,i5_GCGCTG,GCGCTG,P134_CA_Standardization,"ROSA, FullPanel"
CH_00201,CH-00201,4330-222_P134MiSeq_A2_GTseq_i003_OtsFinal,A2,GTseq_i7_i003,GCCTAA,i5_ACTCTT,ACTCTT,P134_CA_Standardization,"ROSA, FullPanel"
CH_00202,CH-00202,4330-223_P134MiSeq_B2_GTseq_i003_OtsFinal,B2,GTseq_i7_i003,GCCTAA,i5_GGCAAG,GGCAAG,P134_CA_Standardization,"ROSA, FullPanel"
CH_00203,CH-00203,4330-229_P134MiSeq_C2_GTseq_i003_OtsFinal,C2,GTseq_i7_i003,GCCTAA,i5_AGCGCA,AGCGCA,P134_CA_Standardization,"ROSA, FullPanel"
CH_00204,CH-00204,4330-230_P134MiSeq_D2_GTseq_i003_OtsFinal,D2,GTseq_i7_i003,GCCTAA,i5_GGTACA,GGTACA,P134_CA_Standardization,"ROSA, FullPanel"
CH_00205,CH-00205,4330-231_P134MiSeq_E2_GTseq_i003_OtsFinal,E2,GTseq_i7_i003,GCCTAA,i5_AGTAGG,AGTAGG,P134_CA_Standardization,"ROSA, FullPanel"
CH_00206,CH-00206,4330-232_P134MiSeq_F2_GTseq_i003_OtsFinal,F2,GTseq_i7_i003,GCCTAA,i5_GTATCC,GTATCC,P134_CA_Standardization,"ROSA, FullPanel"
CH_00207,CH-00207,4330-233_P134MiSeq_G2_GTseq_i003_OtsFinal,G2,GTseq_i7_i003,GCCTAA,i5_ATCAAA,ATCAAA,P134_CA_Standardization,"ROSA, FullPanel"
CH_00208,CH-00208,4330-234_P134MiSeq_H2_GTseq_i003_OtsFinal,H2,GTseq_i7_i003,GCCTAA,i5_GTGTAA,GTGTAA,P134_CA_Standardization,"ROSA, FullPanel"
CH_00209,CH-00209,4330-235_P134MiSeq_A3_GTseq_i003_OtsFinal,A3,GTseq_i7_i003,GCCTAA,i5_ATTCCG,ATTCCG,P134_CA_Standardization,"ROSA, FullPanel"
CH_00210,CH-00210,4330-236_P134MiSeq_B3_GTseq_i003_OtsFinal,B3,GTseq_i7_i003,GCCTAA,i5_TAATTC,TAATTC,P134_CA_Standardization,"ROSA, FullPanel"
CH_00211,CH-00211,4330-237_P134MiSeq_C3_GTseq_i003_OtsFinal,C3,GTseq_i7_i003,GCCTAA,i5_CACCTC,CACCTC,P134_CA_Standardization,"ROSA, FullPanel"
CH_00212,CH-00212,4330-238_P134MiSeq_D3_GTseq_i003_OtsFinal,D3,GTseq_i7_i003,GCCTAA,i5_TAGTAT,TAGTAT,P134_CA_Standardization,"ROSA, FullPanel"
CH_00213,CH-00213,4330-239_P134MiSeq_E3_GTseq_i003_OtsFinal,E3,GTseq_i7_i003,GCCTAA,i5_CCATTT,CCATTT,P134_CA_Standardization,"ROSA, FullPanel"
CH_00214,CH-00214,4330-240_P134MiSeq_F3_GTseq_i003_OtsFinal,F3,GTseq_i7_i003,GCCTAA,i5_TCCTGC,TCCTGC,P134_CA_Standardization,"ROSA, FullPanel"
CH_00215,CH-00215,4330-241_P134MiSeq_G3_GTseq_i003_OtsFinal,G3,GTseq_i7_i003,GCCTAA,i5_CCGAGG,CCGAGG,P134_CA_Standardization,"ROSA, FullPanel"
CH_00216,CH-00216,4330-242_P134MiSeq_H3_GTseq_i003_OtsFinal,H3,GTseq_i7_i003,GCCTAA,i5_TCGGAC,TCGGAC,P134_CA_Standardization,"ROSA, FullPanel"
CH_00217,CH-00217,4330-243_P134MiSeq_A4_GTseq_i003_OtsFinal,A4,GTseq_i7_i003,GCCTAA,i5_CGAGGC,CGAGGC,P134_CA_Standardization,"ROSA, FullPanel"
CH_00218,CH-00218,4330-244_P134MiSeq_B4_GTseq_i003_OtsFinal,B4,GTseq_i7_i003,GCCTAA,i5_TGAACC,TGAACC,P134_CA_Standardization,"ROSA, FullPanel"
CH_00219,CH-00219,4330-245_P134MiSeq_C4_GTseq_i003_OtsFinal,C4,GTseq_i7_i003,GCCTAA,i5_CGGTCC,CGGTCC,P134_CA_Standardization,"ROSA, FullPanel"
CH_00220,CH-00220,4330-246_P134MiSeq_D4_GTseq_i003_OtsFinal,D4,GTseq_i7_i003,GCCTAA,i5_TGCTTA,TGCTTA,P134_CA_Standardization,"ROSA, FullPanel"
CH_00221,CH-00221,4330-247_P134MiSeq_E4_GTseq_i003_OtsFinal,E4,GTseq_i7_i003,GCCTAA,i5_CTACAG,CTACAG,P134_CA_Standardization,"ROSA, FullPanel"
CH_00222,CH-00222,4330-248_P134MiSeq_F4_GTseq_i003_OtsFinal,F4,GTseq_i7_i003,GCCTAA,i5_TTCCGT,TTCCGT,P134_CA_Standardization,"ROSA, FullPanel"
CH_00223,CH-00223,4330-249_P134MiSeq_G4_GTseq_i003_OtsFinal,G4,GTseq_i7_i003,GCCTAA,i5_CTGGTT,CTGGTT,P134_CA_Standardization,"ROSA, FullPanel"
CH_00224,CH-00224,4330-250_P134MiSeq_H4_GTseq_i003_OtsFinal,H4,GTseq_i7_i003,GCCTAA,i5_TTTAAT,TTTAAT,P134_CA_Standardization,"ROSA, FullPanel"
CH_00225,CH-00225,4330-251_P134MiSeq_A5_GTseq_i003_OtsFinal,A5,GTseq_i7_i003,GCCTAA,i5_GAAATG,GAAATG,P134_CA_Standardization,"ROSA, FullPanel"
CH_00226,CH-00226,4330-252_P134MiSeq_B5_GTseq_i003_OtsFinal,B5,GTseq_i7_i003,GCCTAA,i5_AACTGA,AACTGA,P134_CA_Standardization,"ROSA, FullPanel"
CH_00227,CH-00227,4330-253_P134MiSeq_C5_GTseq_i003_OtsFinal,C5,GTseq_i7_i003,GCCTAA,i5_GACTCT,GACTCT,P134_CA_Standardization,"ROSA, FullPanel"
CH_00228,CH-00228,4330-254_P134MiSeq_D5_GTseq_i003_OtsFinal,D5,GTseq_i7_i003,GCCTAA,i5_AATATC,AATATC,P134_CA_Standardization,"ROSA, FullPanel"
CH_00229,CH-00229,4330-255_P134MiSeq_E5_GTseq_i003_OtsFinal,E5,GTseq_i7_i003,GCCTAA,i5_GCAGAT,GCAGAT,P134_CA_Standardization,"ROSA, FullPanel"
CH_00230,CH-00230,4330-256_P134MiSeq_F5_GTseq_i003_OtsFinal,F5,GTseq_i7_i003,GCCTAA,i5_ACAGCG,ACAGCG,P134_CA_Standardization,"ROSA, FullPanel"
CH_00231,CH-00231,4330-257_P134MiSeq_G5_GTseq_i003_OtsFinal,G5,GTseq_i7_i003,GCCTAA,i5_GCGACC,GCGACC,P134_CA_Standardization,"ROSA, FullPanel"
CH_00232,CH-00232,4330-263_P134MiSeq_H5_GTseq_i003_OtsFinal,H5,GTseq_i7_i003,GCCTAA,i5_ACCCCC,ACCCCC,P134_CA_Standardization,"ROSA, FullPanel"
CH_00233,CH-00233,4330-264_P134MiSeq_A6_GTseq_i003_OtsFinal,A6,GTseq_i7_i003,GCCTAA,i5_GGACTT,GGACTT,P134_CA_Standardization,"ROSA, FullPanel"
CH_00234,CH-00234,4330-265_P134MiSeq_B6_GTseq_i003_OtsFinal,B6,GTseq_i7_i003,GCCTAA,i5_AGCCAT,AGCCAT,P134_CA_Standardization,"ROSA, FullPanel"
CH_00235,CH-00235,4330-266_P134MiSeq_C6_GTseq_i003_OtsFinal,C6,GTseq_i7_i003,GCCTAA,i5_GGGGCG,GGGGCG,P134_CA_Standardization,"ROSA, FullPanel"
CH_00236,CH-00236,4330-267_P134MiSeq_D6_GTseq_i003_OtsFinal,D6,GTseq_i7_i003,GCCTAA,i5_AGGTGT,AGGTGT,P134_CA_Standardization,"ROSA, FullPanel"
CH_00237,CH-00237,4330-270_P134MiSeq_E6_GTseq_i003_OtsFinal,E6,GTseq_i7_i003,GCCTAA,i5_GTAAGT,GTAAGT,P134_CA_Standardization,"ROSA, FullPanel"
CH_00238,CH-00238,4330-271_P134MiSeq_F6_GTseq_i003_OtsFinal,F6,GTseq_i7_i003,GCCTAA,i5_ATAGTA,ATAGTA,P134_CA_Standardization,"ROSA, FullPanel"
CH_00239,CH-00239,4330-272_P134MiSeq_G6_GTseq_i003_OtsFinal,G6,GTseq_i7_i003,GCCTAA,i5_GTGCCT,GTGCCT,P134_CA_Standardization,"ROSA, FullPanel"
CH_00240,CH-00240,4330-273_P134MiSeq_H6_GTseq_i003_OtsFinal,H6,GTseq_i7_i003,GCCTAA,i5_ATGTTG,ATGTTG,P134_CA_Standardization,"ROSA, FullPanel"
CH_00241,CH-00241,4330-274_P134MiSeq_A7_GTseq_i003_OtsFinal,A7,GTseq_i7_i003,GCCTAA,i5_TAAGCT,TAAGCT,P134_CA_Standardization,"ROSA, FullPanel"
CH_00242,CH-00242,4330-275_P134MiSeq_B7_GTseq_i003_OtsFinal,B7,GTseq_i7_i003,GCCTAA,i5_CAATCG,CAATCG,P134_CA_Standardization,"ROSA, FullPanel"
CH_00243,CH-00243,4330-276_P134MiSeq_C7_GTseq_i003_OtsFinal,C7,GTseq_i7_i003,GCCTAA,i5_TACGGG,TACGGG,P134_CA_Standardization,"ROSA, FullPanel"
CH_00244,CH-00244,4330-277_P134MiSeq_D7_GTseq_i003_OtsFinal,D7,GTseq_i7_i003,GCCTAA,i5_CATACT,CATACT,P134_CA_Standardization,"ROSA, FullPanel"
CH_00245,CH-00245,4330-278_P134MiSeq_E7_GTseq_i003_OtsFinal,E7,GTseq_i7_i003,GCCTAA,i5_TCAAAG,TCAAAG,P134_CA_Standardization,"ROSA, FullPanel"
CH_00246,CH-00246,4330-279_P134MiSeq_F7_GTseq_i003_OtsFinal,F7,GTseq_i7_i003,GCCTAA,i5_CCCTAA,CCCTAA,P134_CA_Standardization,"ROSA, FullPanel"
CH_00247,CH-00247,4330-280_P134MiSeq_G7_GTseq_i003_OtsFinal,G7,GTseq_i7_i003,GCCTAA,i5_TCGCCA,TCGCCA,P134_CA_Standardization,"ROSA, FullPanel"
CH_00248,CH-00248,4330-281_P134MiSeq_H7_GTseq_i003_OtsFinal,H7,GTseq_i7_i003,GCCTAA,i5_CCTAAC,CCTAAC,P134_CA_Standardization,"ROSA, FullPanel"
CH_00249,CH-00249,4330-282_P134MiSeq_A8_GTseq_i003_OtsFinal,A8,GTseq_i7_i003,GCCTAA,i5_TCTTCT,TCTTCT,P134_CA_Standardization,"ROSA, FullPanel"
CH_00250,CH-00250,4330-283_P134MiSeq_B8_GTseq_i003_OtsFinal,B8,GTseq_i7_i003,GCCTAA,i5_CGCGTG,CGCGTG,P134_CA_Standardization,"ROSA, FullPanel"
CH_00251,CH-00251,4330-284_P134MiSeq_C8_GTseq_i003_OtsFinal,C8,GTseq_i7_i003,GCCTAA,i5_TGCCCG,TGCCCG,P134_CA_Standardization,"ROSA, FullPanel"
CH_00252,CH-00252,4330-285_P134MiSeq_D8_GTseq_i003_OtsFinal,D8,GTseq_i7_i003,GCCTAA,i5_CGTGAT,CGTGAT,P134_CA_Standardization,"ROSA, FullPanel"
CH_00253,CH-00253,4330-286_P134MiSeq_E8_GTseq_i003_OtsFinal,E8,GTseq_i7_i003,GCCTAA,i5_TTATGA,TTATGA,P134_CA_Standardization,"ROSA, FullPanel"
CH_00254,CH-00254,4330-287_P134MiSeq_F8_GTseq_i003_OtsFinal,F8,GTseq_i7_i003,GCCTAA,i5_CTGCGA,CTGCGA,P134_CA_Standardization,"ROSA, FullPanel"
CH_00255,CH-00255,4330-288_P134MiSeq_G8_GTseq_i003_OtsFinal,G8,GTseq_i7_i003,GCCTAA,i5_TTGAGC,TTGAGC,P134_CA_Standardization,"ROSA, FullPanel"
CH_00256,CH-00256,4330-289_P134MiSeq_H8_GTseq_i003_OtsFinal,H8,GTseq_i7_i003,GCCTAA,i5_CTTTGC,CTTTGC,P134_CA_Standardization,"ROSA, FullPanel"
CH_00257,CH-00257,4330-290_P134MiSeq_A9_GTseq_i003_OtsFinal,A9,GTseq_i7_i003,GCCTAA,i5_AACGTT,AACGTT,P134_CA_Standardization,"ROSA, FullPanel"
CH_00258,CH-00258,4330-291_P134MiSeq_B9_GTseq_i003_OtsFinal,B9,GTseq_i7_i003,GCCTAA,i5_GACGAC,GACGAC,P134_CA_Standardization,"ROSA, FullPanel"
CH_00259,CH-00259,4330-292_P134MiSeq_C9_GTseq_i003_OtsFinal,C9,GTseq_i7_i003,GCCTAA,i5_AAGCTA,AAGCTA,P134_CA_Standardization,"ROSA, FullPanel"
CH_00260,CH-00260,4330-293_P134MiSeq_D9_GTseq_i003_OtsFinal,D9,GTseq_i7_i003,GCCTAA,i5_AATCGT,AATCGT,P134_CA_Standardization,"ROSA, FullPanel"
CH_00261,CH-00261,4330-294_P134MiSeq_E9_GTseq_i003_OtsFinal,E9,GTseq_i7_i003,GCCTAA,i5_ACAAGA,ACAAGA,P134_CA_Standardization,"ROSA, FullPanel"
CH_00262,CH-00262,4330-295_P134MiSeq_F9_GTseq_i003_OtsFinal,F9,GTseq_i7_i003,GCCTAA,i5_GCCGTA,GCCGTA,P134_CA_Standardization,"ROSA, FullPanel"
CH_00263,CH-00263,4330-296_P134MiSeq_G9_GTseq_i003_OtsFinal,G9,GTseq_i7_i003,GCCTAA,i5_ACCATG,ACCATG,P134_CA_Standardization,"ROSA, FullPanel"
CH_00264,CH-00264,4330-297_P134MiSeq_H9_GTseq_i003_OtsFinal,H9,GTseq_i7_i003,GCCTAA,i5_GCTCAA,GCTCAA,P134_CA_Standardization,"ROSA, FullPanel"
CH_00265,CH-00265,4330-298_P134MiSeq_A10_GTseq_i003_OtsFinal,A10,GTseq_i7_i003,GCCTAA,i5_ACTGGC,ACTGGC,P134_CA_Standardization,"ROSA, FullPanel"
CH_00266,CH-00266,4330-299_P134MiSeq_B10_GTseq_i003_OtsFinal,B10,GTseq_i7_i003,GCCTAA,i5_GGGCGC,GGGCGC,P134_CA_Standardization,"ROSA, FullPanel"
CH_00267,CH-00267,4330-300_P134MiSeq_C10_GTseq_i003_OtsFinal,C10,GTseq_i7_i003,GCCTAA,i5_AGGGTC,AGGGTC,P134_CA_Standardization,"ROSA, FullPanel"
CH_00268,CH-00268,4330-301_P134MiSeq_D10_GTseq_i003_OtsFinal,D10,GTseq_i7_i003,GCCTAA,i5_GGTTTG,GGTTTG,P134_CA_Standardization,"ROSA, FullPanel"
CH_00269,CH-00269,4330-302_P134MiSeq_E10_GTseq_i003_OtsFinal,E10,GTseq_i7_i003,GCCTAA,i5_AGTTAA,AGTTAA,P134_CA_Standardization,"ROSA, FullPanel"
CH_00270,CH-00270,4330-303_P134MiSeq_F10_GTseq_i003_OtsFinal,F10,GTseq_i7_i003,GCCTAA,i5_GTCATC,GTCATC,P134_CA_Standardization,"ROSA, FullPanel"
CH_00271,CH-00271,4330-304_P134MiSeq_G10_GTseq_i003_OtsFinal,G10,GTseq_i7_i003,GCCTAA,i5_ATGCAC,ATGCAC,P134_CA_Standardization,"ROSA, FullPanel"
CH_00272,CH-00272,4330-305_P134MiSeq_H10_GTseq_i003_OtsFinal,H10,GTseq_i7_i003,GCCTAA,i5_GTTGGA,GTTGGA,P134_CA_Standardization,"ROSA, FullPanel"
CH_00273,CH-00273,4330-306_P134MiSeq_A11_GTseq_i003_OtsFinal,A11,GTseq_i7_i003,GCCTAA,i5_CAAAAA,CAAAAA,P134_CA_Standardization,"ROSA, FullPanel"
CH_00274,CH-00274,4330-307_P134MiSeq_B11_GTseq_i003_OtsFinal,B11,GTseq_i7_i003,GCCTAA,i5_TACACA,TACACA,P134_CA_Standardization,"ROSA, FullPanel"
CH_00275,CH-00275,4330-308_P134MiSeq_C11_GTseq_i003_OtsFinal,C11,GTseq_i7_i003,GCCTAA,i5_CAGGCA,CAGGCA,P134_CA_Standardization,"ROSA, FullPanel"
CH_00276,CH-00276,4330-309_P134MiSeq_D11_GTseq_i003_OtsFinal,D11,GTseq_i7_i003,GCCTAA,i5_TATCAC,TATCAC,P134_CA_Standardization,"ROSA, FullPanel"
CH_00277,CH-00277,4330-310_P134MiSeq_E11_GTseq_i003_OtsFinal,E11,GTseq_i7_i003,GCCTAA,i5_CCCGGT,CCCGGT,P134_CA_Standardization,"ROSA, FullPanel"
CH_00278,CH-00278,4330-311_P134MiSeq_F11_GTseq_i003_OtsFinal,F11,GTseq_i7_i003,GCCTAA,i5_TCGATT,TCGATT,P134_CA_Standardization,"ROSA, FullPanel"
CH_00279,CH-00279,4330-312_P134MiSeq_G11_GTseq_i003_OtsFinal,G11,GTseq_i7_i003,GCCTAA,i5_CCGCAT,CCGCAT,P134_CA_Standardization,"ROSA, FullPanel"
CH_00280,CH-00280,4330-313_P134MiSeq_H11_GTseq_i003_OtsFinal,H11,GTseq_i7_i003,GCCTAA,i5_TCTCGG,TCTCGG,P134_CA_Standardization,"ROSA, FullPanel"
CH_00281,CH-00281,4330-314_P134MiSeq_A12_GTseq_i003_OtsFinal,A12,GTseq_i7_i003,GCCTAA,i5_CGCAGA,CGCAGA,P134_CA_Standardization,"ROSA, FullPanel"
CH_00282,CH-00282,4330-315_P134MiSeq_B12_GTseq_i003_OtsFinal,B12,GTseq_i7_i003,GCCTAA,i5_TGACAA,TGACAA,P134_CA_Standardization,"ROSA, FullPanel"
CH_00283,CH-00283,4330-316_P134MiSeq_C12_GTseq_i003_OtsFinal,C12,GTseq_i7_i003,GCCTAA,i5_CGTCTA,CGTCTA,P134_CA_Standardization,"ROSA, FullPanel"
CH_00284,CH-00284,4330-317_P134MiSeq_D12_GTseq_i003_OtsFinal,D12,GTseq_i7_i003,GCCTAA,i5_TGGGGA,TGGGGA,P134_CA_Standardization,"ROSA, FullPanel"
CH_00285,CH-00285,4330-318_P134MiSeq_E12_GTseq_i003_OtsFinal,E12,GTseq_i7_i003,GCCTAA,i5_CTCGCC,CTCGCC,P134_CA_Standardization,"ROSA, FullPanel"
CH_00286,CH-00286,4330-319_P134MiSeq_F12_GTseq_i003_OtsFinal,F12,GTseq_i7_i003,GCCTAA,i5_TTCTAG,TTCTAG,P134_CA_Standardization,"ROSA, FullPanel"
CH_00287,CH-00287,4330-320_P134MiSeq_G12_GTseq_i003_OtsFinal,G12,GTseq_i7_i003,GCCTAA,i5_CTTATG,CTTATG,P134_CA_Standardization,"ROSA, FullPanel"
CH_00288,CH-00288,NegativeGCCTAA_P134MiSeq_H12_GTseq_i003_OtsFinal,H12,GTseq_i7_i003,GCCTAA,i5_TTTGTC,TTTGTC,P134_CA_Standardization,"ROSA, FullPanel"
